,age,assists,blocks,defensive_rebounds,field_goals_attempted,field_goals_made,first_name,free_throws_attempted,free_throws_made,games_played,games_started,last_name,minutes_played,offensive_rebounds,personal_fouls,points,position,steals,team,three_point_field_goals_attempted,three_point_field_goals_made,turnovers,two_point_field_goals_attempted,two_point_field_goals_made
0,22,11,15,47,75,42,Quincy,38,31,29,0,Acy,342,30,53,116,PF,13,TOR,2,1,17,73,41
1,26,36,27,128,168,72,Jeff,100,65,52,5,Adrien,713,68,80,209,PF,18,CHA,2,0,32,166,72
2,27,206,11,210,905,397,Arron,223,191,64,64,Afflalo,2307,29,137,1057,SF,40,ORL,240,72,138,665,325
3,26,1,0,1,4,2,Josh,0,0,3,0,Akognon,9,0,3,5,PG,0,DAL,2,1,0,2,1
4,27,192,91,495,1318,638,LaMarcus,348,282,74,74,Aldridge,2790,175,187,1560,PF,62,POR,14,2,143,1304,636
5,23,73,55,236,454,206,Lavoy,60,43,79,37,Allen,1669,159,180,455,C,24,PHI,1,0,55,453,206
6,37,135,15,177,651,292,Ray,158,140,79,0,Allen,2035,40,129,863,SG,67,MIA,332,139,103,319,153
7,31,98,44,242,638,284,Tony,187,134,79,79,Allen,2109,121,211,705,SG,119,MEM,24,3,94,614,281
8,22,103,51,446,474,225,Al-Farouq,137,101,76,71,Aminu,2066,139,153,555,SF,92,NOH,19,4,116,455,221
9,34,17,44,115,123,71,Chris,93,63,42,0,Andersen,624,57,89,207,C,16,MIA,3,2,24,120,69
10,30,103,7,114,616,236,Alan,147,126,65,2,Anderson,1495,34,131,693,SF,48,TOR,285,95,80,331,141
11,24,97,31,328,1115,472,Ryan,180,152,81,22,Anderson,2503,191,179,1309,PF,42,NOH,557,213,97,558,259
12,28,171,32,326,1489,669,Carmelo,512,425,67,67,Anthony,2482,134,205,1920,PF,52,NYK,414,157,175,1075,512
13,30,13,42,70,68,35,Joel,28,17,62,3,Anthony,566,45,49,87,C,13,MIA,0,0,22,68,35
14,27,113,20,222,451,188,Trevor,95,78,56,15,Ariza,1471,44,72,530,SF,72,WAS,209,76,84,242,112
15,24,33,33,101,359,162,Darrell,46,33,59,3,Arthur,970,68,126,362,PF,24,MEM,18,5,43,341,157
16,26,75,87,681,614,332,Omer,299,168,82,82,Asik,2464,275,223,832,C,46,HOU,1,0,173,613,332
17,25,170,3,71,294,103,D.J.,99,83,76,5,Augustin,1226,20,64,356,PG,34,IND,190,67,68,104,36
18,25,15,12,75,126,61,Jeff,23,21,37,0,Ayres,369,29,44,145,PF,6,IND,4,2,23,122,59
19,23,29,5,122,234,86,Luke,13,10,62,0,Babbitt,730,15,82,244,PF,14,POR,178,62,22,56,24
20,30,58,6,38,193,83,Leandro,41,31,41,2,Barbosa,513,8,51,215,PG,17,BOS,47,18,21,146,65
21,28,294,0,173,758,316,J.J.,134,105,74,2,Barea,1713,34,131,834,PG,32,MIN,280,97,145,478,219
22,27,38,23,102,426,170,Andrea,77,65,35,25,Bargnani,1003,26,64,443,PF,21,TOR,123,38,54,303,132
23,20,98,14,280,628,276,Harrison,190,144,81,81,Barnes,2058,53,140,748,SF,52,GSW,145,52,101,483,224
24,32,123,63,255,675,312,Matt,117,87,80,4,Barnes,2058,111,233,822,SF,82,LAC,325,111,90,350,201
25,22,58,9,109,309,118,Will,65,50,73,5,Barton,894,36,56,295,SG,34,POR,65,9,60,244,109
26,27,84,64,296,589,286,Brandon,150,129,81,69,Bass,2239,129,188,701,PF,44,BOS,2,0,80,587,286
27,34,72,55,128,362,152,Shane,38,32,72,20,Battier,1786,37,149,472,SF,41,MIA,316,136,34,46,16
28,24,360,83,315,833,352,Nicolas,210,178,73,73,Batum,2807,97,139,1047,SF,91,POR,444,165,190,389,187
29,24,264,17,154,621,260,Jerryd,122,102,80,4,Bayless,1765,22,168,693,PG,59,MEM,201,71,120,420,189
30,26,5,6,20,36,18,Aron,12,7,16,0,Baynes,141,12,23,43,C,1,SAS,1,0,11,35,18
31,23,22,4,17,116,43,Kent,44,27,61,0,Bazemore,267,5,27,123,SG,17,GSW,34,10,18,82,33
32,19,137,29,168,687,282,Bradley,159,125,56,46,Beal,1745,43,113,780,SG,50,WAS,236,91,90,451,191
33,24,111,34,230,766,310,Michael,126,94,75,20,Beasley,1554,52,107,759,SF,31,PHO,144,45,144,622,265
34,24,84,4,48,176,65,Rodrigue,38,30,45,0,Beaubois,549,9,54,181,PG,19,DAL,72,21,33,104,44
35,26,148,6,127,610,241,Marco,168,141,73,27,Belinelli,1882,13,140,702,SG,44,CHI,221,79,82,389,162
36,24,117,21,64,189,79,Patrick,41,34,41,0,Beverley,713,45,83,228,PG,37,HOU,96,36,44,93,43
37,26,14,42,119,21,10,Andris,13,4,53,9,Biedrins,495,34,101,24,C,15,GSW,0,0,14,21,10
38,36,49,1,30,132,53,Chauncey,48,45,22,22,Billups,418,2,25,184,SG,12,LAC,90,33,26,42,20
39,20,35,143,388,346,156,Bismack,142,74,80,65,Biyombo,2186,194,195,386,C,28,CHA,0,0,82,346,156
40,23,45,10,164,271,142,DeJuan,70,44,61,16,Blair,851,66,112,328,PF,37,SAS,1,0,49,270,142
41,32,173,6,111,270,114,Steve,35,27,45,13,Blake,1175,21,83,327,PG,34,LAL,171,72,62,99,42
42,26,85,54,256,676,346,Andray,216,148,82,8,Blatche,1555,161,163,843,C,86,BRK,22,3,123,654,343
43,23,233,55,147,568,253,Eric,134,106,76,12,Bledsoe,1553,78,112,643,PG,109,LAC,78,31,137,490,222
44,32,76,4,104,284,108,Keith,17,11,74,23,Bogans,1408,16,108,311,SG,28,BRK,245,84,49,39,24
45,28,67,55,177,184,83,Andrew,38,19,32,32,Bogut,786,68,85,186,C,20,GSW,1,1,35,183,82
46,32,36,19,104,230,112,Matt,15,11,68,4,Bonner,909,25,86,288,PF,17,SAS,120,53,16,110,59
47,25,40,16,141,220,108,Trevor,72,40,48,14,Booker,887,98,95,256,PF,32,WAS,5,0,31,215,108
48,31,179,28,596,1140,544,Carlos,264,193,79,79,Boozer,2546,175,239,1281,PF,66,CHI,2,0,176,1138,544
49,28,123,101,370,907,485,Chris,302,241,74,74,Bosh,2454,131,168,1232,C,66,MIA,74,21,128,833,464
50,22,104,19,81,478,192,Avery,49,37,50,50,Bradley,1435,30,129,461,PG,64,BOS,126,40,72,352,152
51,33,70,90,300,478,226,Elton,93,66,72,18,Brand,1527,130,192,518,C,50,DAL,1,0,57,477,226
52,26,124,23,180,883,375,Corey,216,149,82,2,Brewer,2003,55,154,990,SF,118,DEN,307,91,102,576,284
53,24,76,16,72,335,155,MarShon,94,69,73,2,Brooks,912,32,93,394,SG,34,BRK,55,15,69,280,140
54,30,9,10,51,37,17,Kwame,19,7,22,11,Brown,269,23,37,41,C,6,PHI,0,0,8,37,17
55,27,108,15,105,571,240,Shannon,125,98,59,22,Brown,1402,44,92,617,SG,59,PHO,141,39,74,430,201
56,34,469,25,367,1595,738,Kobe,626,525,78,78,Bryant,3013,66,173,2133,SG,106,LAL,407,132,287,1188,606
57,24,25,7,56,191,79,Chase,42,32,23,1,Budinger,508,15,29,216,SF,14,MIN,81,26,23,110,53
58,21,92,13,108,388,163,Alec,129,92,64,0,Burks,1137,37,114,451,SG,35,UTA,92,33,74,296,130
59,32,78,11,182,720,305,Caron,90,75,78,78,Butler,1879,41,139,813,SF,51,LAC,330,128,72,390,177
60,23,115,31,192,512,239,Jimmy,233,187,82,20,Butler,2134,136,97,705,SF,78,CHI,105,40,62,407,199
61,30,231,5,69,540,253,Will,131,106,65,0,Bynum,1219,28,128,636,PG,45,DET,76,24,125,464,229
62,38,14,14,56,53,17,Marcus,19,8,24,4,Camby,250,24,28,42,PF,7,NYK,0,0,15,53,17
63,26,61,24,101,324,149,DeMarre,98,75,66,12,Carroll,1111,87,119,393,SF,58,UTA,70,20,34,254,129
64,32,1,0,0,0,0,Matt,0,0,1,0,Carroll,6,0,1,0,SG,0,CHA,0,0,0,0,0
65,36,194,44,276,855,372,Vince,223,182,81,3,Carter,2093,58,226,1088,SF,74,DAL,399,162,106,456,210
66,24,28,12,94,160,63,Omri,41,22,43,1,Casspi,503,20,45,173,SF,25,CLE,76,25,22,84,38
67,26,273,12,152,529,227,Mario,112,89,77,77,Chalmers,2068,19,196,666,PG,118,MIA,301,123,119,228,104
68,30,62,75,434,400,255,Tyson,258,179,66,66,Chandler,2164,269,188,689,C,42,NYK,0,0,87,400,255
69,25,58,12,173,455,210,Wilson,111,88,43,8,Chandler,1079,45,119,560,PF,45,DEN,126,52,60,329,158
70,29,5,2,9,21,6,Josh,2,1,14,0,Childress,100,6,3,14,SF,2,BRK,3,1,0,18,5
71,25,65,44,243,386,170,Earl,76,53,59,36,Clark,1363,82,102,428,PF,36,LAL,104,35,62,282,135
72,24,43,12,88,189,74,Victor,30,14,49,16,Claver,812,31,75,187,SF,26,POR,87,25,43,102,49
73,24,164,7,112,425,179,Norris,80,52,80,4,Cole,1590,18,155,445,PG,57,MIA,98,35,104,327,144
74,25,415,8,188,724,341,Darren,275,242,81,47,Collison,2372,31,139,972,PG,100,DAL,136,48,173,588,293
75,32,121,30,210,296,176,Nick,78,60,81,2,Collison,1583,123,197,412,C,51,OKC,4,0,69,292,176
76,25,487,24,182,940,414,Mike,282,234,80,80,Conley,2757,43,171,1168,PG,174,MEM,293,106,189,647,308
77,30,0,0,0,9,0,Will,2,1,4,0,Conroy,20,1,1,1,PG,0,MIN,3,0,0,6,0
78,28,27,12,85,380,182,Chris,83,63,56,13,Copeland,862,34,104,486,PF,16,NYK,140,59,50,240,123
79,22,199,55,524,1036,482,DeMarcus,423,312,75,74,Cousins,2289,222,269,1280,C,108,SAC,22,4,225,1014,478
80,32,193,13,106,1016,445,Jamal,248,216,76,0,Crawford,2230,22,71,1255,SG,79,LAC,396,149,146,620,296
81,22,94,17,152,367,141,Jae,73,47,78,16,Crowder,1353,35,128,392,SF,63,DAL,192,63,49,175,78
82,25,67,38,266,671,314,Dante,103,67,80,9,Cunningham,2010,142,153,695,PF,84,MIN,6,0,56,665,314
83,21,1,0,2,14,6,Jared,2,2,8,0,Cunningham,26,1,3,16,SG,1,DAL,3,2,2,11,4
84,30,0,0,2,8,4,Eddy,4,1,2,0,Curry,25,2,7,9,C,0,DAL,0,0,3,8,4
85,24,539,12,255,1388,626,Stephen,291,262,78,78,Curry,2983,59,198,1786,PG,126,GSW,600,272,240,788,354
86,31,21,53,171,253,137,Samuel,55,38,47,23,Dalembert,765,105,90,313,C,17,MIL,1,1,51,252,136
87,32,65,10,102,351,132,Marquis,54,40,59,33,Daniels,1085,48,77,324,SF,51,MIL,72,20,45,279,112
88,19,63,112,357,676,349,Anthony,225,169,64,60,Davis,1846,165,158,867,PF,75,NOH,6,0,89,670,349
89,27,70,21,191,478,214,Glen,117,84,34,33,Davis,1064,55,88,512,PF,32,ORL,2,0,64,476,214
90,25,138,6,115,241,105,Nando,44,35,72,6,De,920,23,87,276,SG,41,SAS,82,31,81,159,74
91,30,135,9,202,620,251,Carlos,56,48,67,5,Delfino,1689,18,114,708,SF,68,HOU,421,158,72,199,93
92,27,222,32,314,1093,466,Luol,282,230,75,75,Deng,2903,162,105,1237,SF,81,CHI,233,75,144,860,391
93,27,0,0,0,2,0,Justin,0,0,2,0,Dentmon,4,0,0,0,PG,0,DAL,0,0,0,2,0
94,23,204,24,272,1231,548,DeMar,427,355,82,82,DeRozan,3013,48,173,1485,SG,76,TOR,120,34,151,1111,514
95,30,180,27,188,332,179,Boris,65,47,75,20,Diaw,1709,66,143,435,PF,52,SAS,78,30,84,254,149
96,31,13,16,41,27,8,DeSagana,1,0,22,1,Diop,226,10,19,16,C,5,CHA,1,0,8,26,8
97,32,8,0,1,21,10,Keyon,7,6,7,0,Dooling,82,0,8,31,PG,1,MEM,12,5,5,9,5
98,26,4,0,5,14,5,Chris,10,7,6,0,Douglas-Roberts,63,0,4,17,SG,2,DAL,4,0,1,10,5
99,26,569,26,178,906,401,Goran,326,244,77,77,Dragic,2581,60,214,1134,PG,124,PHO,276,88,212,630,313
100,19,30,95,288,342,208,Andre,159,59,60,10,Drummond,1243,169,144,476,C,59,DET,2,1,57,340,207
101,27,203,8,166,669,313,Jared,162,129,79,50,Dudley,2170,79,128,861,SF,75,PHO,271,106,101,398,207
102,30,133,1,57,123,47,Chris,13,6,46,9,Duhon,820,11,56,133,PG,20,LAL,91,33,40,32,14
103,36,184,183,562,976,490,Tim,300,245,69,69,Duncan,2078,124,117,1227,C,50,SAS,7,2,147,969,488
104,32,145,35,260,624,276,Mike,128,105,75,3,Dunleavy,1943,31,135,785,SF,39,MIL,299,128,90,325,148
105,24,374,105,594,1433,731,Kevin,750,679,81,81,Durant,3119,46,143,2280,SF,116,OKC,334,139,280,1099,592
106,23,10,1,31,73,24,Devin,14,11,19,3,Ebanks,197,10,23,65,SF,3,LAL,22,6,11,51,18
107,27,496,36,271,1436,597,Monta,374,289,82,82,Ellis,3076,45,164,1577,SG,169,MIL,328,94,254,1108,503
108,24,26,3,29,112,42,Kim,29,21,41,0,English,407,8,46,119,SG,16,DET,50,14,19,62,28
109,25,11,13,32,44,27,Jeremy,33,21,37,0,Evans,215,26,30,75,PF,8,UTA,1,0,8,43,27
110,32,43,13,628,261,125,Reggie,222,113,80,56,Evans,1967,260,199,363,PF,74,BRK,0,0,111,261,125
111,23,229,27,231,765,366,Tyreke,271,210,65,61,Evans,2016,56,133,987,SG,90,SAC,133,45,128,632,321
112,23,22,74,172,169,74,Festus,81,43,78,41,Ezeli,1120,141,157,191,C,23,GSW,0,0,63,169,74
113,23,77,83,474,689,380,Kenneth,266,163,80,80,Faried,2248,260,234,923,PF,81,DEN,0,0,113,689,380
114,21,75,130,362,568,274,Derrick,260,179,77,8,Favors,1787,184,247,727,PF,67,UTA,5,0,129,563,274
115,28,372,14,143,882,377,Raymond,128,101,68,68,Felton,2313,51,130,948,PG,94,NYK,258,93,155,624,284
116,24,60,8,149,223,102,Landry,53,34,51,22,Fields,1037,59,63,240,SF,32,TOR,14,2,42,209,100
117,20,44,1,29,152,75,Evan,39,30,38,4,Fournier,428,6,65,202,SG,19,DEN,54,22,32,98,53
118,29,167,27,110,738,293,Randy,144,118,82,72,Foye,2249,17,190,882,SG,66,UTA,434,178,92,304,115
119,23,92,3,52,409,172,Jimmer,99,85,69,0,Fredette,967,19,64,494,SG,31,SAC,156,65,68,253,107
120,25,13,11,79,142,58,Joel,27,18,51,1,Freeland,477,40,67,134,PF,13,POR,0,0,19,142,58
121,24,176,36,302,871,364,Danilo,348,286,71,71,Gallinari,2309,65,130,1149,SF,64,DEN,362,135,111,509,229
122,36,159,62,455,850,422,Kevin,201,158,68,68,Garnett,2022,75,154,1004,C,78,BOS,16,2,110,834,420
123,24,31,0,10,49,16,Diante,10,5,19,0,Garrett,149,5,5,40,PG,10,PHO,15,3,16,34,13
124,28,318,139,438,869,429,Marc,316,268,80,80,Gasol,2796,184,255,1127,C,80,MEM,14,1,157,855,428
125,32,200,61,310,579,270,Pau,178,125,49,42,Gasol,1655,111,93,673,PF,24,LAL,28,8,104,551,262
126,25,133,29,245,744,305,Alonzo,205,163,82,82,Gee,2541,75,199,842,SF,107,CLE,219,69,132,525,236
127,29,26,4,67,139,72,Mickael,24,21,36,13,Gelabale,644,32,47,181,SF,16,MIN,52,16,16,87,56
128,22,327,51,515,1176,493,Paul,274,221,79,79,George,2972,88,227,1377,SF,143,IND,469,170,233,707,323
129,26,82,4,55,247,84,Daniel,37,26,46,3,Gibson,919,5,89,250,PG,30,CLE,163,56,31,84,28
130,27,61,90,220,441,214,Taj,131,89,65,5,Gibson,1459,125,166,517,PF,27,CHI,4,0,76,437,214
131,35,274,13,171,539,229,Manu,206,164,60,0,Ginobili,1393,30,114,705,SG,80,SAS,235,83,132,304,146
132,31,6,6,18,61,20,Drew,16,11,16,0,Gooden,151,13,21,52,C,5,MIL,5,1,9,56,19
133,29,141,16,112,760,310,Ben,127,107,75,0,Gordon,1560,18,134,840,SG,35,CHA,292,113,136,468,197
134,24,137,8,67,584,235,Eric,222,187,42,40,Gordon,1264,10,75,713,SG,45,NOH,173,56,117,411,179
135,28,75,98,388,566,295,Marcin,138,90,61,61,Gortat,1876,128,127,680,C,40,PHO,3,0,99,563,295
136,24,0,0,0,2,0,Andrew,0,0,1,0,Goudelock,6,1,0,0,SG,0,LAL,0,0,0,2,0
137,29,3,1,6,35,10,Danny,8,5,5,0,Granger,74,3,6,27,SF,2,IND,10,2,4,25,8
138,28,33,5,85,90,48,Aaron,44,23,42,16,Gray,513,48,85,119,C,7,TOR,0,0,36,90,48
139,25,141,54,208,663,297,Danny,79,67,80,80,Green,2201,36,124,838,SG,92,SAS,413,177,94,250,120
140,22,53,25,202,257,84,Draymond,55,45,79,1,Green,1061,58,159,227,SF,42,GSW,67,14,51,190,70
141,27,50,23,110,424,155,Gerald,65,52,60,7,Green,1080,31,64,421,SF,19,IND,188,59,53,236,96
142,26,128,68,263,806,376,Jeff,265,214,81,17,Green,2252,55,175,1036,PF,56,BOS,182,70,132,624,306
143,31,55,12,80,386,178,Willie,32,23,72,60,Green,1188,17,96,450,SG,29,LAC,166,71,31,220,107
144,23,299,50,476,1072,577,Blake,426,281,80,80,Griffin,2598,186,231,1440,PF,97,LAC,28,5,185,1044,572
145,22,23,8,63,201,84,Jordan,26,13,40,1,Hamilton,397,32,24,208,SF,15,DEN,73,27,19,128,57
146,34,119,5,67,475,204,Richard,77,66,50,45,Hamilton,1088,16,93,490,SG,24,CHI,52,16,84,423,188
147,25,21,2,16,45,15,Ben,27,21,28,0,Hansbrough,200,2,23,57,PG,7,IND,23,6,18,22,9
148,27,36,18,212,407,176,Tyler,300,216,81,8,Hansbrough,1366,161,152,568,PF,29,IND,3,0,78,404,176
149,23,455,38,317,1337,585,James,792,674,78,78,Harden,2985,62,178,2023,SG,142,HOU,486,179,295,851,406
150,19,50,62,213,564,260,Maurice,128,73,76,59,Harkless,1974,122,144,625,SF,88,ORL,117,32,69,447,228
151,23,0,1,4,9,4,Josh,2,1,6,0,Harrellson,31,3,4,10,C,1,MIA,5,1,3,4,3
152,32,10,1,21,57,20,Al,4,3,10,0,Harrington,119,6,18,51,C,4,ORL,30,8,7,27,12
153,29,197,13,110,443,194,Devin,154,112,58,34,Harris,1421,6,103,577,SG,64,ATL,230,77,88,213,117
154,32,38,15,307,251,129,Udonis,45,32,75,59,Haslem,1414,97,173,290,PF,30,MIA,0,0,45,251,129
155,24,183,113,417,811,376,Spencer,157,122,82,40,Hawes,2233,173,233,905,C,24,PHI,87,31,131,724,345
156,29,112,18,186,190,84,Chuck,48,30,74,1,Hayes,1209,113,114,198,C,31,SAC,1,0,44,189,84
157,22,213,38,174,773,336,Gordon,294,243,72,27,Hayward,2104,51,125,1017,SF,58,UTA,246,102,120,527,234
158,26,3,0,4,10,2,Lazar,6,6,4,0,Hayward,31,0,3,10,SF,2,MIN,4,0,0,6,2
159,33,29,49,165,216,93,Brendan,66,30,61,17,Haywood,1162,125,125,216,C,16,CHA,1,0,50,215,93
160,25,177,34,195,855,382,Gerald,313,258,68,58,Henderson,2133,55,149,1055,SG,68,CHA,100,33,108,755,349
161,21,13,5,69,161,66,Xavier,92,58,50,2,Henry,625,21,72,194,SF,16,NOH,11,4,31,150,62
162,22,31,42,181,336,162,John,105,56,63,9,Henson,827,116,83,380,PF,19,MIL,3,0,47,333,162
163,26,113,206,360,859,385,Roy,224,166,79,79,Hibbert,2269,296,279,937,C,39,IND,4,1,162,855,384
164,24,88,51,562,744,418,J.J.,268,182,80,80,Hickson,2323,266,160,1018,C,48,POR,2,0,145,742,418
165,23,5,0,2,19,6,Cory,2,1,6,0,Higgins,32,1,5,14,SG,3,CHA,5,1,0,14,5
166,30,177,37,306,594,285,Nene,269,196,61,49,Hilario,1659,101,171,766,PF,55,WAS,1,0,139,593,285
167,26,355,26,237,871,386,George,213,174,76,76,Hill,2620,47,134,1076,PG,81,IND,353,130,116,518,256
168,40,26,7,43,98,38,Grant,24,14,29,0,Hill,437,6,39,93,SF,11,LAC,11,3,25,87,35
169,25,13,19,84,155,77,Jordan,61,40,29,1,Hill,458,82,55,194,PF,8,LAL,2,0,26,153,77
170,32,314,25,142,422,159,Kirk,98,70,60,60,Hinrich,1764,16,192,459,PG,63,CHI,182,71,99,240,88
171,22,625,32,240,1288,555,Jrue,242,182,78,78,Holiday,2926,89,170,1383,PG,123,PHI,247,91,292,1041,464
172,23,15,6,14,48,16,Justin,8,6,9,0,Holiday,142,0,7,42,SG,3,PHI,16,4,9,32,12
173,28,11,34,89,114,70,Ryan,88,66,60,0,Hollins,663,50,133,206,C,6,LAC,0,0,44,114,70
174,22,2,1,7,11,3,Tyler,2,2,9,0,Honeycutt,32,3,2,8,SF,0,SAC,2,0,5,9,3
175,26,240,78,562,1060,576,Al,208,134,74,74,Horford,2756,195,163,1289,C,78,ATL,6,3,147,1054,573
176,27,108,186,694,813,470,Dwight,721,355,76,76,Howard,2722,251,291,1296,C,84,LAL,6,1,225,807,469
177,32,4,3,27,77,31,Josh,12,7,11,4,Howard,207,9,18,74,SF,10,MIN,16,5,10,61,26
178,39,6,0,8,19,10,Juwan,1,1,7,2,Howard,51,0,9,21,PF,0,MIA,0,0,4,19,10
179,27,32,33,239,310,139,Kris,123,97,65,21,Humphries,1191,126,127,375,PF,16,BRK,2,0,57,308,139
180,23,43,242,395,778,446,Serge,191,143,80,80,Ibaka,2486,222,213,1055,PF,28,OKC,57,20,125,721,426
181,29,433,52,341,879,396,Andre,270,155,80,80,Iguodala,2779,82,127,1038,SG,139,DEN,287,91,206,592,305
182,25,117,36,366,803,371,Ersan,157,125,73,54,Ilyasova,2012,154,185,962,PF,68,MIL,214,95,75,589,276
183,20,350,21,182,1070,484,Kyrie,290,248,59,59,Irving,2048,34,146,1325,PG,89,CLE,279,109,191,791,375
184,31,32,3,41,144,62,Royal,16,9,53,5,Ivey,698,16,73,170,SG,23,PHI,88,37,20,56,25
185,29,439,11,222,857,387,Jarrett,198,167,79,4,Jack,2349,21,134,1023,SG,60,GSW,203,82,157,654,305
186,22,122,13,145,325,149,Reggie,62,52,70,0,Jackson,993,21,84,374,PG,29,OKC,104,24,53,221,125
187,34,80,14,133,330,123,Stephen,70,49,55,6,Jackson,1075,22,89,341,SF,37,SAS,170,46,77,160,77
188,27,6,38,79,103,53,Bernard,41,25,46,11,James,457,52,64,131,C,12,DAL,2,0,18,101,53
189,25,0,0,1,0,0,Damion,0,0,2,0,James,0,0,0,0,SF,0,BRK,0,0,0,0,0
190,28,551,67,513,1354,765,LeBron,535,403,76,76,James,2877,97,110,2036,PF,129,MIA,254,103,226,1100,662
191,37,139,3,63,271,101,Mike,29,23,45,23,James,862,9,95,273,PG,26,DAL,125,48,55,146,53
192,36,50,22,253,575,267,Antawn,136,94,76,6,Jamison,1636,109,124,712,PF,30,LAL,233,84,53,342,183
193,28,164,89,564,1236,611,Al,217,167,78,78,Jefferson,2578,156,170,1391,C,80,UTA,17,2,105,1219,609
194,32,31,7,79,136,62,Richard,53,38,56,1,Jefferson,568,5,45,176,SF,14,GSW,45,14,23,91,48
195,31,14,6,34,54,16,Jared,23,12,38,0,Jeffries,350,26,58,44,PF,6,POR,2,0,17,52,16
196,21,56,10,77,294,131,John,70,59,61,2,Jenkins,902,17,37,374,SG,12,ATL,138,53,40,156,78
197,23,521,10,187,1247,497,Brandon,281,230,80,80,Jennings,2897,59,155,1397,PG,125,MIL,461,173,203,786,324
198,25,43,8,117,316,142,Jonas,88,68,49,2,Jerebko,892,68,90,377,PF,38,DET,83,25,42,233,117
199,25,122,110,384,606,336,Amir,187,136,81,38,Johnson,2325,227,301,813,PF,81,TOR,13,5,117,593,331
200,27,8,28,40,75,48,Chris,34,21,30,0,Johnson,284,20,49,117,C,7,MIN,0,0,13,75,48
201,22,2,0,6,25,11,Chris,2,1,8,0,Johnson,102,5,5,29,SF,4,MEM,18,6,3,7,5
202,28,46,14,190,356,185,Ivan,131,81,69,5,Johnson,1035,76,131,452,PF,56,ATL,13,1,71,343,184
203,25,58,50,96,283,117,James,67,40,54,11,Johnson,878,49,99,276,SF,41,SAC,21,2,68,262,115
204,31,253,14,165,1052,445,Joe,161,132,72,72,Johnson,2642,53,99,1170,SG,49,BRK,395,148,123,657,297
205,23,47,9,90,180,72,Orlando,32,23,51,0,Johnson,619,20,51,203,SG,11,IND,94,36,29,86,36
206,25,34,18,102,396,161,Wesley,35,27,50,21,Johnson,953,21,56,399,SF,22,PHO,155,50,48,241,111
207,23,1,0,3,4,0,Darius,0,0,4,0,Johnson-Odom,6,1,0,0,SG,0,LAL,1,0,0,3,0
208,22,16,22,88,218,95,DeQuan,51,34,63,17,Jones,803,17,55,233,SF,19,ORL,35,9,30,183,86
209,24,83,2,27,109,40,Dominique,53,35,29,3,Jones,338,18,29,116,PG,14,DAL,9,1,38,100,39
210,32,13,6,22,61,21,James,4,2,38,0,Jones,221,0,16,60,SF,2,MIA,53,16,3,8,5
211,23,10,5,40,107,43,Kevin,15,9,32,0,Jones,334,38,25,95,PF,9,CLE,0,0,8,107,43
212,21,10,6,50,99,39,Perry,15,10,38,1,Jones,280,12,23,88,SF,5,OKC,2,0,15,97,39
213,28,0,1,2,1,0,Solomon,0,0,2,1,Jones,26,1,3,0,PF,0,NYK,0,0,3,1,0
214,21,15,19,37,94,43,Terrence,17,13,19,0,Jones,276,28,21,104,PF,12,HOU,19,5,13,75,38
215,24,28,112,384,488,314,DeAndre,249,96,82,82,Jordan,2010,210,192,724,C,48,LAC,0,0,100,488,314
216,21,53,4,40,110,51,Cory,21,18,28,9,Joseph,388,12,25,126,PG,15,SAS,21,6,21,89,45
217,30,51,52,275,617,313,Chris,85,67,66,52,Kaman,1363,97,141,693,C,29,DAL,1,0,103,616,313
218,20,31,32,169,379,206,Enes,117,93,70,2,Kanter,1078,135,116,506,C,28,UTA,1,1,101,378,205
219,39,249,25,273,409,152,Jason,48,40,76,48,Kidd,2043,50,125,458,SG,125,NYK,325,114,76,84,38
220,19,117,70,324,613,281,Michael,187,140,78,77,Kidd-Gilchrist,2025,131,164,704,SF,54,CHA,9,2,101,604,279
221,31,177,62,260,560,284,Andrei,250,188,64,64,Kirilenko,2034,102,82,791,SF,96,MIN,120,35,119,440,249
222,28,16,2,42,144,48,Linas,38,32,20,3,Kleiza,376,10,45,148,SF,4,TOR,66,20,14,78,28
223,21,303,8,193,878,357,Brandon,225,165,75,75,Knight,2365,54,157,999,PG,58,DET,327,120,205,551,237
224,31,146,37,270,601,277,Kyle,78,67,74,60,Korver,2259,23,170,810,SF,70,ATL,414,189,70,187,88
225,23,32,103,351,508,295,Kosta,104,58,81,81,Koufos,1817,211,246,648,C,44,DEN,1,0,53,507,295
226,25,9,9,21,46,33,Viacheslav,37,11,25,0,Kravtsov,224,24,32,77,C,5,DET,0,0,14,46,33
227,20,5,2,13,68,24,Jeremy,14,14,23,0,Lamb,147,5,13,71,SF,2,OKC,30,9,6,38,15
228,29,65,31,303,602,325,Carl,273,223,81,2,Landry,1876,180,190,874,PF,35,GSW,3,1,115,599,324
229,25,501,8,162,971,448,Ty,311,235,73,71,Lawson,2513,36,135,1216,PG,107,DEN,232,85,182,739,363
230,27,143,21,159,530,246,Courtney,72,62,78,39,Lee,1941,31,139,612,SG,89,BOS,156,58,84,374,188
231,29,279,22,668,1160,602,David,320,255,79,79,Lee,2907,218,246,1459,PF,67,GSW,4,0,207,1156,602
232,22,20,6,24,76,29,Malcolm,20,12,16,12,Lee,289,15,30,78,SG,12,MIN,24,8,10,52,21
233,21,93,32,283,526,260,Kawhi,126,104,58,57,Leonard,1810,63,99,689,SF,97,SAS,174,65,62,352,195
234,20,33,38,175,277,151,Meyers,89,72,69,9,Leonard,1206,80,168,377,C,11,POR,7,3,49,270,148
235,33,30,14,102,249,103,Rashard,45,28,55,9,Lewis,792,19,67,285,PF,21,MIA,131,51,33,118,52
236,24,15,3,40,47,21,DeAndre,18,9,39,1,Liggins,290,13,33,58,SG,18,OKC,19,7,14,28,14
237,22,531,19,215,1288,553,Damian,321,271,82,82,Lillard,3167,42,172,1562,PG,74,POR,503,185,243,785,368
238,24,497,29,215,897,396,Jeremy,275,216,82,82,Lin,2640,32,205,1095,PG,134,HOU,257,87,236,640,309
239,24,70,154,304,1094,570,Brook,392,297,74,74,Lopez,2253,208,152,1437,C,33,BRK,1,0,131,1093,570
240,24,64,128,236,719,384,Robin,207,161,82,82,Lopez,2136,226,167,929,C,32,NOH,0,0,110,719,384
241,24,42,9,188,298,105,Kevin,142,100,18,18,Love,618,64,34,330,PF,13,MIN,92,20,39,206,85
242,26,435,24,265,623,250,Kyle,239,190,68,52,Lowry,2020,56,218,791,PG,94,TOR,279,101,157,344,149
243,30,105,1,57,334,129,John,25,18,63,0,Lucas,827,8,50,333,PG,23,TOR,151,57,26,183,72
244,22,6,0,1,6,3,Scott,2,2,6,0,Machado,21,0,0,8,PG,2,HOU,1,0,8,5,3
245,33,19,2,20,76,27,Corey,48,36,18,0,Maggette,257,5,42,95,SF,6,DET,21,5,17,55,22
246,26,27,66,196,329,149,Ian,171,104,80,2,Mahinmi,1322,115,201,402,C,39,IND,2,0,92,327,149
247,34,163,47,379,690,355,Shawn,101,79,67,67,Marion,2010,146,111,812,PF,75,DAL,73,23,103,617,332
248,21,143,4,38,151,56,Kendall,14,8,48,3,Marshall,702,4,48,143,PG,22,PHO,73,23,57,78,33
249,28,20,6,89,252,96,Cartier,28,20,41,3,Martin,694,11,58,270,SF,19,WAS,146,58,32,106,38
250,35,8,17,61,93,56,Kenyon,40,17,18,11,Martin,431,34,64,129,C,16,NYK,0,0,16,93,56
251,29,106,8,147,778,350,Kevin,246,219,77,0,Martin,2136,31,138,1077,SG,72,OKC,371,158,101,407,192
252,32,74,11,121,305,132,Roger,43,39,69,13,Mason,1219,11,104,369,SG,26,NOH,159,66,51,146,66
253,26,174,18,156,808,352,Wesley,187,149,69,69,Matthews,2403,35,172,1022,SG,90,POR,425,169,109,383,183
254,29,54,95,274,457,204,Jason,145,90,72,71,Maxiell,1789,135,172,498,PF,32,DET,0,0,81,457,204
255,25,361,23,255,1026,461,O.J.,233,191,82,82,Mayo,2913,36,195,1255,SG,93,DAL,349,142,210,677,319
256,26,55,14,167,377,151,Luc,126,72,58,45,Mbah,1326,89,82,387,SF,42,MIL,37,13,70,340,138
257,25,24,157,223,527,303,JaVale,186,110,79,0,McGee,1433,158,184,717,C,30,DEN,1,1,90,526,302
258,25,69,5,134,530,205,Jodie,96,86,78,10,Meeks,1663,37,103,618,SG,58,LAL,342,122,52,188,83
259,22,0,2,3,6,3,Fab,4,1,6,0,Melo,36,0,7,7,C,2,BOS,0,0,1,6,3
260,21,28,4,46,141,62,Khris,32,27,27,0,Middleton,475,4,53,165,SG,15,DET,45,14,11,96,48
261,25,63,17,150,614,255,C.J.,107,93,65,13,Miles,1364,24,138,729,SF,49,CLE,328,126,69,286,129
262,27,0,0,1,1,0,Darko,0,0,1,0,Milicic,5,0,1,0,C,0,BOS,0,0,2,1,0
263,36,484,11,178,632,303,Andre,194,163,82,11,Miller,2151,60,159,786,PG,73,DEN,64,17,172,568,286
264,22,44,12,70,108,44,Darius,8,8,52,2,Miller,694,8,89,118,SF,17,NOH,56,22,23,52,22
265,32,99,4,139,231,100,Mike,11,8,59,17,Miller,900,18,63,281,SF,21,MIA,175,73,35,56,27
266,20,3,0,1,12,4,Quincy,2,1,7,0,Miller,26,1,3,9,PF,1,DEN,1,0,1,11,4
267,24,62,4,41,241,113,Patty,19,16,58,2,Mills,656,9,55,294,PG,26,SAS,130,52,39,111,61
268,27,201,80,377,875,429,Paul,356,264,78,78,Millsap,2375,177,232,1135,PF,102,UTA,39,13,138,836,416
269,35,26,32,122,180,66,Nazr,47,34,63,12,Mohammed,693,73,97,166,C,21,CHI,2,0,24,178,66
270,22,281,55,541,1058,514,Greg,392,270,81,81,Monroe,2687,236,190,1298,C,105,DET,4,0,234,1054,514
271,23,206,23,119,598,237,E'Twaun,59,47,75,21,Moore,1682,48,122,588,SG,51,ORL,197,67,105,401,170
272,22,76,2,33,188,73,Darius,37,24,48,17,Morris,683,24,58,194,PG,21,LAL,66,24,45,122,49
273,23,108,64,265,653,266,Markieff,127,93,82,32,Morris,1837,131,209,670,PF,77,PHO,134,45,104,519,221
274,22,31,10,57,213,97,Donatas,51,32,44,14,Motiejunas,538,36,73,250,PF,7,HOU,83,24,37,130,73
275,22,10,10,69,134,78,Arnett,28,18,47,0,Moultrie,542,76,43,174,PF,17,PHI,0,0,19,134,78
276,26,9,18,57,87,44,Timofey,26,20,41,1,Mozgov,366,50,57,108,C,6,DEN,2,0,25,85,44
277,23,81,32,266,563,217,Byron,99,64,53,41,Mullens,1428,71,110,564,PF,34,CHA,208,66,74,355,151
278,22,2,0,4,28,7,Kevin,0,0,17,0,Murphy,52,0,4,15,SG,1,UTA,5,1,3,23,6
279,32,7,6,42,61,22,Troy,11,10,14,1,Murphy,256,7,29,65,PF,10,DAL,35,11,7,26,11
280,38,333,5,116,475,236,Steve,116,107,50,50,Nash,1627,26,70,636,PG,30,LAL,130,57,126,345,179
281,28,129,2,130,597,246,Gary,74,64,68,17,Neal,1484,13,93,645,SG,30,SAS,251,89,69,346,157
282,30,413,6,186,780,306,Jameer,102,89,56,56,Nelson,1977,23,161,822,PG,71,ORL,355,121,154,425,185
283,23,44,32,189,486,256,Andrew,94,75,75,28,Nicholson,1249,69,133,587,PF,24,ORL,0,0,79,486,256
284,27,262,141,473,630,303,Joakim,237,178,66,64,Noah,2426,260,185,784,C,78,CHI,5,0,176,625,303
285,29,35,8,135,430,178,Steve,33,30,81,1,Novak,1641,17,97,535,SF,28,NYK,351,149,12,79,29
286,34,132,37,326,728,343,Dirk,193,166,53,47,Nowitzki,1661,37,93,917,PF,38,DAL,157,65,70,571,278
287,34,42,78,211,371,179,Jermaine,115,96,55,4,O'Neal,1029,82,126,454,C,19,PHO,0,0,73,371,179
288,22,52,26,144,197,101,Kyle,45,30,57,5,O'Quinn,638,65,107,232,C,11,ORL,1,0,37,196,101
289,33,142,58,363,366,146,Lamar,42,20,82,2,Odom,1616,117,214,330,PF,69,LAC,90,18,86,276,128
290,24,1,0,1,3,1,Tim,1,1,3,0,Ohlbrecht,12,0,1,3,C,1,HOU,0,0,4,3,1
291,30,93,77,493,687,328,Emeka,191,109,79,77,Okafor,2052,199,145,765,C,45,WAS,0,0,107,687,328
292,22,4,3,13,26,12,Daniel,17,9,13,0,Orton,104,13,13,33,C,4,OKC,0,0,4,26,12
293,28,21,8,44,177,74,Travis,52,38,38,2,Outlaw,444,17,35,200,SF,11,SAC,50,14,19,127,60
294,28,79,12,204,241,114,Zaza,103,78,52,15,Pachulia,1134,132,128,306,C,35,ATL,3,0,70,238,114
295,30,499,6,180,995,519,Tony,330,279,66,66,Parker,2174,18,92,1341,PG,54,SAS,68,24,170,927,495
296,24,269,32,325,939,456,Chandler,155,113,76,76,Parsons,2758,79,148,1177,SF,75,HOU,395,152,147,544,304
297,27,678,10,209,856,412,Chris,323,286,70,70,Paul,2335,53,143,1186,PG,169,LAC,232,76,159,624,336
298,29,32,5,49,119,42,Sasha,6,1,39,1,Pavlovic,528,7,59,103,SG,24,POR,60,18,14,59,24
299,27,53,50,315,741,385,Nikola,324,241,62,62,Pekovic,1959,230,143,1011,C,43,MIN,0,0,101,741,385
300,28,111,83,356,313,143,Kendrick,72,44,78,78,Perkins,1954,110,227,330,C,43,OKC,1,0,109,312,143
301,27,16,9,79,110,48,Johan,12,11,31,8,Petro,352,33,48,108,C,10,ATL,4,1,24,106,47
302,35,370,30,442,1092,476,Paul,423,333,77,77,Pierce,2575,45,210,1430,SF,84,BOS,382,145,214,710,331
303,30,9,6,31,98,34,Mickael,18,12,19,16,Pietrus,386,5,33,100,SF,12,TOR,64,20,16,34,14
304,24,2,3,10,21,5,Miles,4,3,14,0,Plumlee,55,12,5,13,C,0,IND,0,0,3,21,5
305,24,61,6,89,299,128,Quincy,75,59,59,1,Pondexter,1243,43,95,375,SF,35,MEM,152,60,42,147,68
306,26,205,3,94,413,161,A.J.,62,49,57,22,Price,1278,20,73,441,PG,33,WAS,200,70,64,213,91
307,29,73,3,31,120,39,Ronnie,24,17,39,0,Price,510,13,61,105,PG,26,POR,39,10,34,81,29
308,35,236,2,102,220,100,Pablo,25,22,78,18,Prigioni,1263,41,127,275,PG,69,NYK,134,53,86,86,47
309,33,4,2,16,4,1,Joel,2,0,12,1,Przybilla,68,5,10,2,C,1,MIL,0,0,4,4,1
310,29,9,0,1,16,4,Chris,2,2,7,0,Quinn,78,1,4,10,SG,3,CLE,5,0,6,11,4
311,32,8,4,18,43,13,Vladimir,3,2,25,0,Radmanovic,144,10,29,33,PF,8,CHI,27,5,7,16,8
312,23,12,21,66,114,56,Anthony,45,31,39,0,Randolph,329,29,41,143,PF,19,DEN,8,0,37,106,56
313,29,4,7,42,48,28,Shavlik,27,11,16,0,Randolph,198,28,38,67,PF,8,BOS,0,0,10,48,28
314,31,108,31,544,1024,471,Zach,300,225,76,75,Randolph,2607,310,180,1169,PF,61,MEM,23,2,150,1001,469
315,32,51,15,108,336,135,Jason,33,20,33,33,Richardson,936,19,57,347,SG,40,PHI,167,57,26,169,78
316,32,1,0,5,11,1,Quentin,2,2,1,0,Richardson,29,5,1,5,SF,0,NYK,4,1,2,7,0
317,31,311,15,165,811,367,Luke,164,139,82,82,Ridnour,2474,41,187,939,SG,82,MIN,212,66,130,599,301
318,20,127,9,93,390,145,Austin,108,59,61,26,Rivers,1418,16,122,377,SG,26,NOH,86,28,74,304,117
319,27,219,3,80,511,213,Brian,77,70,78,5,Roberts,1324,17,108,555,PG,37,NOH,153,59,71,358,154
320,28,358,10,155,921,399,Nate,169,135,82,23,Robinson,2086,29,207,1074,PG,85,CHI,348,141,144,573,258
321,26,420,9,169,465,225,Rajon,93,60,38,38,Rondo,1423,43,96,522,PG,70,BOS,50,12,148,415,213
322,21,53,14,109,457,186,Terrence,42,30,73,2,Ross,1239,35,122,467,SG,43,TOR,196,65,48,261,121
323,28,23,0,11,35,11,Brandon,10,7,5,5,Roy,122,3,5,29,SG,3,MIN,9,0,7,26,11
324,22,418,5,185,514,185,Ricky,264,211,57,47,Rubio,1691,44,143,608,PG,137,MIN,92,27,172,422,158
325,27,2,0,1,9,6,Brandon,3,2,2,0,Rush,25,0,5,14,SF,0,GSW,2,0,3,7,6
326,23,6,10,25,48,18,Robert,11,7,32,3,Sacre,203,9,38,43,C,0,LAL,0,0,10,48,18
327,33,226,25,174,612,244,John,110,85,76,72,Salmons,2278,33,143,672,SF,51,SAC,267,99,85,345,145
328,24,8,3,18,60,22,Samardo,24,14,18,1,Samuels,196,10,30,58,C,3,CLE,1,0,6,59,22
329,24,83,201,448,605,306,Larry,136,84,71,55,Sanders,1937,224,233,696,C,53,MIL,2,0,87,603,306
330,32,182,35,383,915,432,Luis,230,181,82,67,Scola,2184,158,257,1048,PF,67,PHO,16,3,126,899,429
331,24,12,2,71,147,70,Mike,56,43,40,1,Scott,376,39,32,183,PF,4,ATL,1,0,21,146,70
332,28,125,44,259,466,224,Thabo,69,57,81,81,Sefolosha,2229,58,177,613,SG,103,OKC,258,108,64,208,116
333,21,4,0,5,22,6,Josh,11,7,10,0,Selby,59,0,7,20,PG,2,MEM,6,1,7,16,5
334,23,57,59,239,716,330,Kevin,88,61,79,8,Seraphin,1721,107,211,721,C,24,WAS,0,0,130,716,330
335,26,230,7,142,676,276,Ramon,347,291,61,0,Sessions,1652,27,91,876,SG,48,CHA,107,33,104,569,243
336,21,3,1,14,23,10,Tornike,16,9,19,0,Shengelia,93,9,11,30,SF,3,BRK,2,1,11,21,9
337,22,75,7,105,275,109,Iman,47,36,45,45,Shumpert,996,31,99,305,SG,43,NYK,127,51,37,148,58
338,24,286,27,134,635,236,Alexey,150,108,77,16,Shved,1840,41,117,665,SG,54,MIN,288,85,147,347,151
339,22,0,0,0,3,2,Henry,0,0,2,0,Sims,5,2,1,4,C,0,NOH,0,0,1,3,2
340,24,77,37,221,642,275,Kyle,124,100,82,74,Singler,2293,109,217,720,SF,57,DET,200,70,98,442,205
341,23,37,24,133,241,92,Chris,70,40,57,11,Singleton,924,51,124,231,PF,38,WAS,36,7,45,205,85
342,22,25,40,210,274,170,Greg,130,81,70,10,Smith,1110,111,175,421,C,18,HOU,1,0,41,273,170
343,27,218,24,361,1249,527,J.R.,311,237,80,0,Smith,2678,64,226,1446,SG,100,NYK,436,155,134,813,372
344,26,34,45,122,341,167,Jason,102,86,51,0,Smith,876,64,123,420,C,15,NOH,4,0,55,337,167
345,27,321,136,506,1182,550,Josh,321,166,76,76,Smith,2683,133,175,1327,PF,94,ATL,201,61,226,981,489
346,24,35,1,20,114,42,Nolan,28,20,40,0,Smith,288,7,26,110,PG,7,POR,28,6,29,86,36
347,28,130,64,371,563,315,Tiago,285,208,81,58,Splitter,1997,144,161,838,PF,63,SAS,2,0,100,561,315
348,38,35,4,28,172,66,Jerry,23,20,37,0,Stackhouse,544,5,31,182,SF,7,BRK,89,30,24,83,36
349,22,223,16,257,598,275,Lance,115,75,78,72,Stephenson,2278,47,162,687,SG,81,IND,188,62,109,410,213
350,31,52,6,104,262,98,DeShawn,23,12,56,31,Stevenson,1158,18,69,284,SG,29,ATL,209,76,23,53,22
351,27,30,90,200,278,127,Greg,69,53,76,19,Stiemsma,1209,61,184,307,C,44,MIN,0,0,59,278,127
352,24,2,0,1,2,2,Julyan,4,3,4,0,Stone,28,2,4,7,PG,1,DEN,0,0,2,2,2
353,30,13,21,85,267,154,Amar'e,130,105,29,0,Stoudemire,682,60,89,413,PF,10,NYK,0,0,50,267,154
354,26,270,17,169,748,304,Rodney,272,213,76,24,Stuckey,2171,43,127,876,SG,51,DET,182,55,134,566,249
355,20,35,22,172,225,111,Jared,63,47,45,5,Sullinger,892,92,154,270,PF,22,BOS,5,1,29,220,110
356,25,1,0,2,4,1,DaJuan,0,0,2,0,Summers,7,0,0,2,PF,0,LAC,0,0,0,4,1
357,23,63,15,99,399,172,Jeffery,103,75,77,29,Taylor,1507,51,136,472,SF,47,CHA,154,53,48,245,119
358,22,21,0,16,87,32,Tyshawn,27,15,38,0,Taylor,221,2,25,85,PG,13,BRK,13,6,25,74,26
359,24,579,28,155,974,439,Jeff,226,199,80,78,Teague,2628,25,181,1166,PG,117,ATL,248,89,230,726,350
360,19,63,7,41,113,43,Marquis,16,9,48,0,Teague,392,3,47,99,PG,9,CHI,23,4,35,90,39
361,27,23,8,62,185,71,Mirza,11,9,53,0,Teletovic,499,33,53,188,PF,13,BRK,108,37,20,77,34
362,26,115,17,94,258,105,Garrett,37,26,51,36,Temple,1156,29,94,262,SG,50,WAS,80,26,61,178,79
363,35,198,11,140,648,281,Jason,131,114,79,24,Terry,2124,19,110,799,SG,66,BOS,331,123,102,317,158
364,25,11,60,126,106,64,Hasheem,53,32,66,4,Thabeet,770,69,148,160,C,30,OKC,0,0,41,106,64
365,23,316,3,132,832,366,Isaiah,287,253,79,62,Thomas,2122,29,167,1100,PG,67,SAC,321,115,140,511,251
366,40,21,16,65,83,45,Kurt,13,6,39,17,Thomas,392,24,52,97,PF,10,NYK,1,1,8,82,44
367,24,17,7,71,106,53,Lance,59,43,59,9,Thomas,646,44,78,149,SF,11,NOH,0,0,14,106,53
368,26,19,15,44,136,48,Tyrus,31,26,26,2,Thomas,360,16,51,125,PF,14,CHA,8,3,17,128,45
369,26,84,61,377,745,374,Jason,206,143,82,81,Thompson,2285,172,227,891,PF,48,SAC,3,0,101,742,374
370,22,183,45,274,1205,508,Klay,157,132,82,82,Thompson,2936,32,237,1359,SG,86,GSW,526,211,157,679,297
371,21,108,71,467,799,390,Tristan,291,177,82,82,Thompson,2564,306,234,957,PF,60,CLE,3,0,123,796,390
372,25,91,4,131,774,332,Marcus,126,111,72,8,Thornton,1726,50,105,916,SG,61,SAC,379,141,68,395,191
373,34,290,14,98,234,86,Jamaal,26,18,66,32,Tinsley,1221,17,106,229,PG,64,UTA,127,39,106,107,47
374,27,32,12,124,216,82,Anthony,51,44,62,11,Tolliver,963,31,66,253,SF,15,ATL,133,45,36,83,37
375,27,109,19,218,444,210,P.J.,86,64,79,45,Tucker,1910,132,145,506,SG,62,PHO,70,22,67,374,188
376,30,35,35,107,97,49,Ronny,63,23,65,0,Turiaf,701,45,80,121,C,19,LAC,0,0,29,97,49
377,33,23,1,22,53,14,Hedo,6,3,11,1,Turkoglu,189,4,11,32,SF,7,ORL,24,1,12,29,13
378,24,354,17,461,1053,441,Evan,208,154,82,82,Turner,2892,56,197,1094,SF,71,PHI,159,58,187,894,383
379,25,43,85,138,269,117,Ekpe,119,89,76,9,Udoh,1312,113,139,323,C,39,MIL,1,0,43,268,117
380,20,45,78,251,366,204,Jonas,185,146,62,57,Valanciunas,1482,121,188,554,C,17,TOR,0,0,94,366,204
381,30,84,14,223,289,138,Anderson,102,77,25,25,Varejao,901,138,68,353,C,37,CLE,5,0,44,284,138
382,26,704,6,294,1012,438,Greivis,154,124,78,78,Vasquez,2685,43,190,1083,PG,66,NOH,243,83,247,769,355
383,22,28,17,79,114,57,Jan,39,12,51,4,Vesely,601,43,107,126,PF,15,WAS,1,0,27,113,57
384,28,54,39,192,464,175,Charlie,49,27,69,0,Villanueva,1092,49,96,467,PF,31,DET,259,90,39,205,85
385,22,143,79,644,889,461,Nikola,126,86,77,77,Vucevic,2559,273,218,1008,C,61,ORL,3,0,141,886,461
386,31,352,56,258,1093,569,Dwyane,425,308,69,69,Wade,2391,86,140,1463,SG,128,MIA,66,17,194,1027,552
387,21,183,16,127,815,336,Dion,213,159,61,48,Waiters,1756,22,113,894,SG,59,CLE,203,63,121,612,273
388,22,471,31,223,1244,526,Kemba,371,296,82,82,Walker,2859,60,153,1455,PG,160,CHA,332,107,200,912,419
389,22,373,37,161,735,324,John,306,246,49,42,Wall,1602,35,117,906,PG,65,WAS,45,12,157,690,312
390,30,181,46,250,458,182,Gerald,190,121,69,68,Wallace,2076,69,118,531,SF,97,BRK,163,46,110,295,136
391,38,6,15,72,142,55,Rasheed,20,14,21,0,Wallace,296,11,40,146,C,13,NYK,69,22,10,73,33
392,32,166,13,107,181,71,Luke,20,10,50,0,Walton,857,38,98,172,PF,42,CLE,67,20,60,114,51
393,28,161,12,107,459,192,C.J.,91,71,80,8,Watson,1521,38,123,543,PG,66,BRK,214,88,69,245,104
394,33,190,8,64,120,37,Earl,25,17,48,4,Watson,829,23,94,96,PG,40,UTA,28,5,69,92,32
395,26,143,17,241,636,281,Martell,198,168,76,62,Webster,2200,53,166,869,SF,49,WAS,329,139,90,307,142
396,32,213,69,418,1009,502,David,315,242,73,73,West,2435,145,149,1250,PF,74,IND,19,4,157,990,498
397,24,607,24,317,1535,673,Russell,575,460,82,82,Westbrook,2861,111,189,1903,PG,145,OKC,300,97,273,1235,576
398,26,4,6,9,23,12,D.J.,9,5,12,0,White,86,4,5,29,PF,1,BOS,0,0,2,23,12
399,30,29,4,43,116,50,James,19,11,57,16,White,435,5,44,125,SF,13,NYK,41,14,17,75,36
400,30,22,28,125,153,110,Chris,58,39,61,7,Wilcox,830,55,125,259,C,32,BOS,1,0,34,152,110
401,33,91,18,73,316,145,Damien,109,81,61,21,Wilkins,1095,32,98,388,SG,37,PHI,51,17,49,265,128
402,28,604,30,203,1124,495,Deron,369,317,78,78,Williams,2842,29,194,1476,PG,75,BRK,447,169,218,677,326
403,21,46,37,334,786,338,Derrick,272,192,78,56,Williams,1916,96,127,933,PF,44,MIN,196,65,101,590,273
404,26,139,10,72,443,187,Lou,121,105,39,9,Williams,1119,8,55,551,SG,44,ATL,196,72,74,247,115
405,26,77,38,208,470,199,Marvin,99,77,73,51,Williams,1727,55,98,529,SF,37,UTA,166,54,60,304,145
406,30,285,9,86,533,229,Mo,85,75,46,46,Williams,1418,24,105,592,PG,46,UTA,154,59,125,379,170
407,26,39,1,43,132,57,Reggie,21,10,40,0,Williams,380,8,19,146,SF,12,CHA,72,22,19,60,35
408,25,38,2,40,97,48,Terrence,21,9,24,0,Williams,318,4,13,110,SF,11,BOS,15,5,22,82,43
409,33,112,42,271,824,332,Metta,169,124,75,66,World,2530,101,198,929,SF,122,LAL,412,141,98,412,191
410,25,38,76,175,404,241,Brandan,96,59,64,16,Wright,1149,85,78,541,C,26,DAL,3,0,34,401,241
411,23,0,0,0,2,1,Chris,0,0,3,0,Wright,4,0,0,2,SG,0,DAL,0,0,1,2,1
412,27,150,35,260,599,237,Dorell,141,120,79,8,Wright,1783,42,98,729,SF,62,PHI,361,135,64,238,102
413,19,43,4,15,86,33,Tony,29,21,35,0,Wroten,272,13,34,91,SG,8,MEM,16,4,29,70,29
414,27,84,14,106,542,224,Nick,128,105,59,17,Young,1411,24,84,628,SG,36,PHI,210,75,50,332,149
415,27,42,8,97,148,58,Sam,43,23,56,3,Young,693,26,62,155,SG,15,IND,52,16,33,96,42
416,24,125,55,389,958,509,Thaddeus,188,108,76,76,Young,2629,182,191,1127,PF,133,PHI,8,1,90,950,508
417,25,3,0,9,26,9,Luke,0,0,16,0,Zeller,58,1,5,19,C,0,PHO,5,1,0,21,8
418,23,96,70,279,559,245,Tyler,157,120,77,55,Zeller,2033,159,251,610,C,35,CLE,4,0,95,555,245
419,24,6,9,45,43,23,Cole,9,4,30,0,Aldrich,213,12,41,50,C,3,HOU,0,0,14,43,23
420,24,3,14,45,37,21,Cole,11,8,15,0,Aldrich,175,18,19,50,C,2,SAC,0,0,9,37,21
421,30,3,6,24,38,14,Lou,20,4,20,0,Amundson,161,23,26,32,PF,7,MIN,0,0,11,38,14
422,30,0,0,0,1,0,Lou,0,0,1,0,Amundson,2,1,0,0,PF,0,CHI,0,0,0,1,0
423,30,8,6,34,42,18,Lou,16,8,18,0,Amundson,209,24,27,44,PF,9,NOH,0,0,8,42,18
424,23,9,2,11,25,11,James,9,7,10,0,Anderson,94,3,7,34,SF,3,SAS,11,5,7,14,6
425,23,33,3,43,101,41,James,19,17,29,2,Anderson,307,15,18,115,SG,12,HOU,49,16,18,52,25
426,27,59,13,100,125,67,Gustavo,38,19,43,3,Ayon,571,40,83,153,C,13,ORL,0,0,38,125,67
427,27,12,4,39,42,25,Gustavo,12,1,12,0,Ayon,163,20,24,51,C,9,MIL,0,0,9,42,25
428,31,3,5,27,37,13,Earl,5,2,11,1,Barron,122,16,23,28,C,5,WAS,0,0,10,37,13
429,31,2,1,12,14,5,Earl,2,1,1,1,Barron,37,6,1,11,C,0,NYK,0,0,1,14,5
430,27,40,6,71,175,64,Ronnie,39,16,46,34,Brewer,711,29,27,166,SF,34,NYK,71,22,14,104,42
431,27,10,0,27,23,6,Ronnie,0,0,14,0,Brewer,142,13,6,13,SF,9,OKC,5,1,4,18,5
432,28,108,7,66,303,139,Aaron,52,40,46,20,Brooks,959,12,89,366,PG,29,SAC,127,48,63,176,91
433,28,6,3,1,13,4,Aaron,0,0,7,0,Brooks,38,1,5,10,PG,1,HOU,7,2,4,6,2
434,31,333,6,92,398,187,Jose,52,47,45,30,Calderon,1273,14,58,500,PG,28,TOR,184,79,75,214,108
435,31,185,2,64,237,125,Jose,28,25,28,28,Calderon,887,6,41,326,PG,30,DET,98,51,51,139,74
436,34,6,6,31,23,8,Jason,30,21,32,7,Collins,330,21,74,37,C,10,BOS,0,0,16,23,8
437,34,2,4,7,6,1,Jason,2,2,6,2,Collins,54,1,11,4,C,2,WAS,0,0,2,6,1
438,25,10,2,13,59,21,Daequan,3,2,16,1,Cook,165,5,13,55,SG,6,HOU,30,11,6,29,10
439,25,9,5,41,108,30,Daequan,9,7,33,0,Cook,276,2,13,82,SG,2,CHI,61,15,9,47,15
440,24,157,5,104,508,211,Jordan,106,87,43,12,Crawford,1127,31,61,568,SG,27,WAS,171,59,97,337,152
441,24,68,2,61,217,90,Jordan,53,42,27,2,Crawford,582,13,45,246,SG,12,BOS,75,24,44,142,66
442,23,55,38,205,339,186,Ed,102,66,45,24,Davis,1087,95,111,438,C,25,TOR,0,0,45,339,186
443,23,8,47,103,143,74,Ed,65,37,36,4,Davis,544,57,80,185,PF,13,MEM,0,0,18,143,74
444,24,21,8,53,97,43,Austin,18,15,24,0,Daye,348,10,43,122,SF,5,DET,40,21,13,57,22
445,24,21,14,54,111,47,Austin,16,11,31,0,Daye,328,6,39,125,SF,9,MEM,58,20,16,53,27
446,26,93,2,67,352,139,Toney,68,60,49,0,Douglas,913,23,103,399,PG,40,HOU,162,61,56,190,78
447,26,58,1,37,114,49,Toney,16,16,22,0,Douglas,376,11,42,135,PG,31,SAC,54,21,25,60,28
448,25,42,1,47,199,81,Wayne,16,15,40,4,Ellington,676,5,38,218,SG,16,MEM,97,41,24,102,40
449,25,62,2,94,330,145,Wayne,59,53,38,17,Ellington,985,20,43,396,SG,29,CLE,143,53,33,187,92
450,38,31,2,15,65,23,Derek,23,21,9,9,Fisher,229,0,24,77,PG,5,DAL,23,10,18,42,13
451,38,16,1,20,96,32,Derek,15,14,24,0,Fisher,346,2,31,98,SG,14,OKC,57,20,12,39,12
452,31,43,31,61,205,77,Francisco,14,12,40,15,Garcia,710,7,66,206,SG,32,SAC,109,40,20,96,37
453,31,20,7,22,95,41,Francisco,7,6,18,5,Garcia,319,1,22,115,SF,14,HOU,70,27,12,25,14
454,26,108,31,193,688,281,Rudy,156,121,42,42,Gay,1541,56,87,723,SF,56,MEM,129,40,104,559,241
455,26,94,22,169,565,240,Rudy,139,119,33,32,Gay,1146,43,95,643,SF,57,TOR,131,44,94,434,196
456,27,4,6,14,21,7,Hamed,2,1,13,0,Haddadi,87,10,15,15,C,1,MEM,0,0,4,21,7
457,27,8,21,54,61,28,Hamed,25,13,17,0,Haddadi,235,33,45,69,C,5,PHO,0,0,27,61,28
458,25,2,0,5,8,2,Terrel,8,6,7,0,Harris,29,4,3,10,SG,0,MIA,1,0,4,7,2
459,25,7,3,17,19,2,Terrel,2,1,13,0,Harris,108,0,14,5,SG,2,NOH,7,0,13,12,2
460,20,13,7,40,115,53,Tobias,26,23,28,14,Harris,325,17,31,136,SF,8,MIL,21,7,18,94,46
461,20,56,37,174,397,180,Tobias,111,80,27,20,Harris,974,56,89,467,PF,24,ORL,87,27,48,310,153
462,23,28,1,16,83,35,Charles,18,10,47,0,Jenkins,291,5,18,81,SG,9,GSW,2,1,19,81,34
463,23,16,1,8,38,14,Charles,4,2,12,1,Jenkins,150,3,4,30,PG,6,PHI,0,0,2,38,14
464,32,28,5,57,140,50,Dahntay,82,66,50,15,Jones,635,13,73,174,SF,10,DAL,37,8,22,103,42
465,32,20,1,20,82,32,Dahntay,31,21,28,4,Jones,381,11,46,88,SF,12,ATL,12,3,16,70,29
466,24,1,0,4,11,2,Kris,4,3,6,0,Joseph,24,1,2,7,SF,0,BOS,2,0,2,9,2
467,24,0,0,2,3,0,Kris,4,2,4,0,Joseph,30,0,1,2,SF,3,BRK,1,0,0,2,0
468,21,20,0,14,95,33,Doron,15,8,23,0,Lamb,280,3,27,78,SG,7,MIL,16,4,16,79,29
469,21,12,0,24,68,27,Doron,19,12,24,0,Lamb,297,5,25,76,SG,6,ORL,21,10,10,47,17
470,23,5,0,8,28,10,Jon,6,2,9,0,Leuer,91,5,11,22,C,2,CLE,3,0,5,25,10
471,23,3,0,16,24,15,Jon,7,4,19,0,Leuer,96,8,10,34,PF,4,MEM,0,0,3,24,15
472,27,38,2,35,66,24,Shaun,15,15,17,4,Livingston,320,2,22,63,PG,11,WAS,3,0,17,63,24
473,27,177,29,92,280,142,Shaun,83,70,49,12,Livingston,1135,29,105,354,PG,37,CLE,1,0,59,279,142
474,22,23,0,13,40,16,Shelvin,2,1,7,2,Mack,141,3,10,37,PG,6,WAS,13,4,8,27,12
475,22,1,0,0,2,1,Shelvin,0,0,4,0,Mack,7,0,1,2,SG,0,PHI,1,0,2,1,1
476,22,44,0,24,84,41,Shelvin,14,8,20,1,Mack,268,0,28,104,PG,9,ATL,35,14,24,49,27
477,25,73,0,13,115,36,Eric,21,17,37,0,Maynor,391,5,19,104,PG,10,OKC,46,15,31,69,21
478,25,109,1,24,166,70,Eric,41,28,27,0,Maynor,572,4,36,187,SG,12,POR,50,19,48,116,51
479,27,10,8,37,32,15,Dominic,6,2,15,9,McGuire,230,11,26,32,SF,5,TOR,0,0,7,32,15
480,27,9,3,21,21,9,Dominic,2,1,9,0,McGuire,145,7,13,19,SF,8,NOH,0,0,5,21,9
481,27,1,0,1,3,0,Dominic,2,0,2,1,McGuire,12,1,0,0,SF,0,IND,0,0,0,3,0
482,25,70,12,96,153,60,Josh,30,22,41,3,McRoberts,685,41,65,159,PF,10,ORL,55,17,28,98,43
483,25,71,15,136,190,96,Josh,55,43,26,19,McRoberts,802,52,66,242,PF,22,CHA,29,7,38,161,89
484,23,47,16,156,400,171,Marcus,75,49,54,17,Morris,1154,63,120,465,PF,27,HOU,194,74,53,206,97
485,23,15,4,41,126,51,Marcus,42,17,23,6,Morris,370,17,40,131,SF,18,PHO,39,12,24,87,39
486,27,9,1,16,111,47,Anthony,18,16,24,1,Morrow,301,10,33,125,SG,12,ATL,38,15,4,73,32
487,27,4,0,3,34,17,Anthony,4,4,17,0,Morrow,82,1,10,39,SG,1,DAL,5,1,4,29,16
488,33,14,1,6,32,8,Jannero,2,2,7,0,Pargo,102,0,8,21,PG,0,WAS,20,3,8,12,5
489,33,19,0,6,38,13,Jannero,2,2,7,0,Pargo,113,1,8,35,PG,3,ATL,20,7,5,18,6
490,33,34,2,13,142,57,Jannero,9,8,18,0,Pargo,292,9,26,151,PG,15,CHA,76,29,28,66,28
491,26,64,2,25,187,75,Jeremy,41,28,25,11,Pargo,447,7,32,196,PG,12,CLE,57,18,37,130,57
492,26,28,0,16,63,24,Jeremy,21,14,14,0,Pargo,208,1,14,69,SG,1,PHI,17,7,13,46,17
493,23,51,27,148,455,236,Patrick,49,37,47,38,Patterson,1219,73,90,544,PF,18,HOU,96,35,42,359,201
494,23,30,13,76,168,83,Patrick,14,11,24,3,Patterson,556,40,48,193,PF,13,SAC,36,16,19,132,67
495,24,0,0,3,5,3,Dexter,0,0,4,0,Pittman,12,4,4,6,C,0,MIA,0,0,2,5,3
496,24,0,0,2,6,1,Dexter,3,0,7,0,Pittman,20,3,4,2,C,0,MEM,0,0,1,6,1
497,32,111,13,166,484,215,Tayshaun,93,74,45,45,Prince,1457,43,45,527,SF,21,DET,53,23,54,431,192
498,32,85,12,126,336,144,Tayshaun,37,22,37,36,Prince,1174,29,41,325,SF,27,MEM,41,15,35,295,129
499,28,220,5,110,582,262,J.J.,129,115,50,11,Redick,1575,9,70,756,SG,29,ORL,300,117,105,282,145
500,28,76,4,44,298,120,J.J.,61,56,28,2,Redick,804,8,47,344,SG,9,MIL,151,48,33,147,72
501,21,36,21,146,243,103,Thomas,71,41,51,0,Robinson,809,92,95,247,PF,25,SAC,0,0,65,243,103
502,21,10,5,47,78,35,Thomas,38,16,19,0,Robinson,247,30,29,86,PF,16,HOU,1,0,23,77,35
503,25,37,0,25,78,27,Donald,25,20,20,0,Sloan,257,3,17,81,SG,5,CLE,19,7,13,59,20
504,25,1,0,0,0,0,Donald,0,0,3,0,Sloan,6,0,0,0,PG,0,NOH,0,0,1,0,0
505,24,57,6,35,116,39,Ish,7,3,36,3,Smith,378,11,14,85,PG,13,ORL,17,4,27,99,35
506,24,30,3,14,43,17,Ish,0,0,16,0,Smith,138,1,12,38,PG,8,MIL,10,4,10,33,13
507,25,18,27,113,247,106,Marreese,67,48,40,2,Speights,579,76,86,262,C,10,MEM,5,2,35,242,104
508,25,29,26,127,337,154,Marreese,108,87,39,1,Speights,721,70,89,396,C,14,CLE,5,1,45,332,153
509,27,114,10,56,247,94,Sebastian,57,44,46,2,Telfair,795,12,84,275,PG,28,PHO,113,43,53,134,51
510,27,39,1,15,62,18,Sebastian,12,10,13,0,Telfair,185,1,20,56,PG,9,TOR,37,10,11,25,8
511,24,2,1,5,1,0,Malcolm,4,3,5,0,Thomas,21,0,1,3,PF,0,GSW,0,0,1,1,0
512,24,2,1,6,9,5,Malcolm,4,2,7,0,Thomas,36,5,7,12,PF,2,CHI,0,0,2,9,5
513,21,1,2,11,24,9,Jeremy,6,4,20,0,Tyler,63,6,10,22,C,1,GSW,0,0,6,24,9
514,21,0,0,3,0,0,Jeremy,0,0,1,0,Tyler,5,0,0,0,C,0,ATL,0,0,0,0,0
515,30,138,2,61,238,113,Beno,33,24,39,0,Udrih,719,17,39,263,SG,16,MIL,49,13,53,189,100
516,30,164,1,46,238,97,Beno,70,60,27,9,Udrih,738,17,51,275,PG,25,ORL,53,21,55,185,76
517,24,1,0,2,4,2,Jarvis,4,2,5,0,Varnado,18,1,1,6,PF,1,BOS,0,0,1,4,2
518,24,2,2,5,3,1,Jarvis,0,0,8,0,Varnado,40,1,9,2,PF,0,MIA,0,0,5,3,1
519,30,0,0,0,2,1,Hakim,2,2,1,0,Warrick,7,0,0,4,PF,1,NOH,0,0,0,2,1
520,30,25,6,68,163,66,Hakim,86,58,27,14,Warrick,482,21,37,190,PF,12,CHA,3,0,29,160,66
521,21,20,0,4,72,19,Maalik,15,13,21,1,Wayns,165,1,18,56,PG,3,PHI,25,5,13,47,14
522,21,7,0,2,16,7,Maalik,4,4,6,0,Wayns,37,0,8,20,PG,3,LAC,6,2,2,10,5
